1,1
2,2
3,3
4,3A
5,3B
6,4
7,6
8,7
9,8
10,8A
11,8D
12,8E
13,8M
14,9A
15,9Ç
16,9ÇN
17,9Ş
18,9ÜD
19,10
20,10B
21,10E
22,10M
23,10S
24,11
25,11A
26,11BE
27,11C
28,11CT
29,11ÇB
30,11D
31,11E
32,11G
33,11H
34,11K
35,11L
36,11M
37,11P
38,11SA
39,11ST
40,11T
41,11Ü
42,11ÜS
43,11V
44,11Y
45,12
46,12A
47,12C
48,12H
49,13
50,13AB
51,13B
52,14
53,14A
54,14AK
55,14B
56,14BK
57,14C
58,14ÇK
59,14D
60,14DK
61,14E
62,14ES
63,14F
64,14K
65,14KS
66,14M
67,14R
68,14S
69,14ŞB
70,14Y
71,15
72,15A
73,15B
74,15BK
75,15C
76,15ÇB
77,15ÇK
78,15D
79,15E
80,15F
81,15H
82,15K
83,15KÇ
84,15M
85,15N
86,15P
87,15R
88,15S
89,15ŞN
90,15T
91,15TY
92,15U
93,15Y
94,16
95,16A
96,16B
97,16C
98,16D
99,16F
100,16K
101,16KH
102,16M
103,16S
104,16U
105,16V
106,16Y
107,17
108,17B
109,17K
110,17L
111,17S
112,18H
113,18K
114,18M
115,18S
116,18Ü
117,19
118,19B
119,19D
120,19E
121,19ES
122,19F
123,19K
124,19M
125,19S
126,19SB
127,19T
128,19V
129,19Y
130,19Z
131,20
132,20D
133,20E
134,20K
135,20Ü
136,21A
137,21B
138,21C
139,21G
140,21K
141,21U
142,21Y
143,22
144,22RE
145,25A
146,25E
147,25G
148,25H
149,25İ
150,25T
151,25Y
152,26
153,26A
154,26B
155,27E
156,27M
157,27SE
158,27T
159,28
160,28O
161,28T
162,29
163,29A
164,29B
165,29C
166,29D
167,29GM
168,29M1
169,29M2
170,29P
171,29Ş
172,29T
173,30A
174,30D
175,30M
176,31
177,31E
178,31K
179,31Y
180,32
181,32A
182,32M
183,32T
184,33
185,33B
186,33ÇM
187,33E
188,33ES
189,33M
190,33TE
191,33TM
192,33Y
193,34
194,34-1
195,34A
196,34A-1
197,34B
198,34C
199,34G
200,34Z
201,34Z-1
202,35
203,35A
204,35C
205,35D
206,36
207,36A
208,36AS
209,36AY
210,36B
211,36Bİ
212,36C
213,36CE
214,36Cİ
215,36CY
216,36E
217,36EM
218,36ES
219,36HT
220,36KE
221,36L
222,36M
223,36S
224,36T
225,36V
226,37A
227,37E
228,37M
229,37T
230,37Y
231,38
232,38B
233,38E
234,38Z
235,39
236,39B
237,39Ç
238,39D
239,39O
240,39Y
241,40
242,40B
243,40T
244,41
245,41AT
246,41E
247,41M
248,41S
249,41SF
250,41SM
251,41ST
252,42
253,42HM
254,42K
255,42KM
256,42KT
257,42M
258,42T
259,43
260,43R
261,44B
262,46Ç
263,46ÇY
264,46E
265,46H
266,46KT
267,47
268,47Ç
269,47E
270,47L
271,47N
272,48
273,48A
274,48B
275,48H
276,48K
277,48L
278,48N
279,48P
280,48S
281,48T
282,49
283,49A
284,49B
285,49G
286,49Y
287,52
288,54Ç
289,54E
290,54HŞ
291,54HT
292,54K
293,54KT
294,54ÖR
295,54T
296,55
297,55EB
298,55ET
299,55M
300,55T
301,55Y
302,57UL
303,58A
304,58N
305,58S
306,58UL
307,59A
308,59B
309,59C
310,59H
311,59K
312,59N
313,59R
314,59RH
315,59RK
316,59RS
317,59S
318,59UÇ
319,61B
320,62
321,62G
322,63
323,64Ç
324,65G
325,66
326,66Z
327,69A
328,70FE
329,70FY
330,70KE
331,70KY
332,71AT
333,71T
334,72T
335,72YT
336,73
337,73F
338,73T
339,73Y
340,74
341,74A
342,75M
343,75O
344,76
345,76B
346,76C
347,76D
348,76E
349,76F
350,76G
351,76İY
352,76M
353,76O
354,76T
355,76TM
356,76Y
357,77
358,77A
359,77Ç
360,77MT
361,78
362,78A
363,78B
364,78BE
365,78C
366,78E
367,78F
368,78G
369,78H
370,78M
371,78Ş
372,78ZB
373,79B
374,79C
375,79E
376,79F
377,79G
378,79K
379,79KT
380,79M
381,79Ş
382,79T
383,79Y
384,80
385,80T
386,81
387,82
388,82B
389,83
390,83O
391,85C
392,85T
393,86V
394,87
395,88
396,88A
397,89
398,89A
399,89B
400,89C
401,89İ
402,89M
403,89S
404,89T
405,89YB
406,90
407,90B
408,91E
409,91O
410,92
411,92A
412,92B
413,92C
414,92K
415,92Ş
416,92T
417,93
418,93C
419,93M
420,93T
421,94
422,94A
423,96T
424,97
425,97A
426,97B
427,97E
428,97G
429,97H
430,97İM
431,97KZ
432,97M
433,97T
434,98
435,98A
436,98B
437,98C
438,98D
439,98E
440,98G
441,98H
442,98İ
443,98K
444,98M
445,98MB
446,98S
447,98T
448,98Y
449,99
450,99A
451,103
452,110
453,112
454,121A
455,121B
456,121BS
457,122B
458,122C
459,122D
460,122L
461,122M
462,122S
463,125
464,129L
465,129T
466,130
467,130A
468,130Ş
469,130T
470,131
471,131A
472,131B
473,131C
474,131ÇK
475,131H
476,131T
477,131TD
478,131V
479,131YD
480,131YS
481,132
482,132A
483,132B
484,132C
485,132ÇK
486,132D
487,132E
488,132F
489,132K
490,132P
491,132S
492,132V
493,133
494,133A
495,133AK
496,133F
497,133G
498,133GP
499,133K
500,133M
501,133P
502,133Ş
503,133T
504,133TK
505,133TM
506,134
507,134BK
508,134CK
509,134DK
510,134GK
511,134K
512,134UK
513,134YK
514,135
515,135A
516,135G
517,135K
518,136
519,137
520,138
521,139
522,139A
523,139D
524,139H
525,139T
526,139U
527,141A
528,141M
529,142
530,142A
531,142B
532,142E
533,142F
534,142K
535,143
536,143İ
537,145
538,145M
539,145T
540,146
541,146B
542,146E
543,146M
544,146T
545,147
546,150
547,151
548,152
549,152K
550,153
551,202
552,222
553,251
554,252
555,256
556,303
557,303B
558,304
559,319
560,320
561,320A
562,336A
563,336Bİ
564,336D
565,336E
566,336H
567,336İM
568,336M
569,336T
570,399B
571,399C
572,400
573,400A
574,401
575,401T
576,402
577,403
578,404
579,418
580,429
581,448
582,458
583,500A
584,500ES
585,500L
586,500T
587,522
588,522B
589,522N
590,522ST
591,559C
592,1453
593,BM1
594,BM2
595,BM3
596,BM4
597,BN1
598,BN2
599,DT1
600,DT2
601,E-2
602,E-3
603,E-7
604,E-9
605,E-10
606,E-11
607,E-57
608,E-58
609,E-60
610,EL2
611,EM1
612,EM2
613,ER1
614,ER2
615,FB1
616,FB2
617,GZ1
618,GZ2
619,HT1
620,HT2
621,HT5
622,HT11
623,HT12
624,HT18
625,HT20
626,HT29
627,HT48
628,HT58
629,KÇ1
630,KÇ2
631,KM10
632,KM11
633,KM20
634,KM21
635,KM22
636,KM23
637,KM24
638,KM25
639,KM28
640,KM30
641,KM31
642,KM40
643,KM60
644,KM70
645,SG-1
646,SG-2
647,T1
648,TB1
649,TB2
650,TH-1
651,U1
652,YH-1
653,YT-1
654,TBT1
655,TKB1
656,TTL1
657,TAH1
658,TZK1
659,TKM1
660,TEP1
661,TTK1
662,TMT1
663,TZB1
664,TST1
665,İDO2
666,İDO3
667,İDO4
668,İDO5
669,İDO6
670,İDO1
671,YAYA1
